query,RAG_score,RAG_hit,context_precision,faithfulness,LLM_score,prediction_no_feedback,prediction_with_feedback,gold_doc,retrieved_docs
"En adultos con TAG, ¿cuál es la efectividad y seguridad comparada de la terapia de aceptación y compromiso? c) ¿Cuál es la certeza global en la evidencia sobre los efectos? nan",0.956497848033905,1.0,0.0,1.0,1.0,"
Eres un asistente clínico.

Tu tarea es EXTRAER información del contexto, no inventar ni reformular.

Reglas:
- Usa SOLO información del contexto
- NO añadas información externa
- COPIA frases exactas cuando sea posible
- Mantén el idioma en español
- Responde SIEMPRE en este formato:

JUICIO:
(texto extraído)

EVIDENCIA:
(texto extraído)

CONSIDERACIONES:
(texto extraído)

Contexto:

TEMA: En adultos con TAG, ¿cuál es la efectividad y seguridad comparada de la terapia de aceptación y compromiso?
PREGUNTA: g) ¿Cuál es la certeza en torno a la evidencia sobre los recursos
SUBPREGUNTA: nan

JUICIO: No hay estudios incluidos.
EVIDENCIA: No se identificaron estudios que respondieran a la pregunta.
CONSIDERACIONES: nan



TEMA: En adultos con TAG, ¿cuál es la efectividad y seguridad comparada de la terapia de aceptación y compromiso?
PREGUNTA: a) ¿Cuál es la magnitud de los efectos deseables esperados?
SUBPREGUNTA: nan

JUICIO: Moderada.
EVIDENCIA: Se han considerado 3 ECA (n= 176) (119–121), que comparan la aplicación de terapia de aceptación y compromiso con grupo control sin psicoterapia y lista de espera. Uno de los estudios aplica la intervención por internet (121). Los resultados muestran que el tratamiento con terapia de aceptación y compromiso frente a cualquier control en adultos con TAG: − Aumenta la probabilidad de respuesta (361 pacientes más por cada 1.000). − Aumenta la probabilidad de remisión (541 pacientes más por cada 1.000). − Reduce los niveles de ansiedad (efecto moderado), sin embargo, no supera el umbral de decisión clínica. − Reduce los niveles de preocupación (efecto moderado), sin embargo, no supera el umbral de decisión clínica. − No modifica los niveles de depresión. − No modifica los niveles de CVRS. GUÍAS DE PRÁCTICA CLÍNICA EN EL SNS 64 Para más información se pueden consultar los perfiles de evidencia GRADE disponibles en el material metodológico.
CONSIDERACIONES: nan



TEMA: En adultos con TAG, ¿cuál es la efectividad y seguridad comparada de la terapia de relajación?
PREGUNTA: c) ¿Cuál es la certeza global en la evidencia sobre los efectos?
SUBPREGUNTA: nan

JUICIO: Muy baja.
EVIDENCIA: La calidad global de la evidencia fue considerada muy baja. Esto es consecuencia de las limitaciones metodológicas inherentes al diseño de los estudios. Existen limitaciones relacionadas con el riesgo de sesgo de realización ya que en los estudios es inherente la imposibilidad de llevar a cabo el cegamiento de los pacientes y del personal. Por desenlace, la calidad de la evidencia fue considerada baja para ansiedad (evaluación clínica y autoinformada), preocupación y depresión postintervención; y muy baja para el desenlace remisión.
CONSIDERACIONES: nan


Pregunta:
En adultos con TAG, ¿cuál es la efectividad y seguridad comparada de la terapia de aceptación y compromiso? c) ¿Cuál es la certeza global en la evidencia sobre los efectos? nan

JUICIO:
No hay estudios incluidos.
EVIDENCIA: No se identificaron estudios que respondieran a la pregunta.
CONSIDERACIONES: nan


Pregunta:
En adultos con TAG, ¿cuál es la efectividad y seguridad comparada de la terapia de relajación? c) ¿Cuál es la certeza global en la evidencia sobre los efectos? nan

JUICIO:
La calidad global de la evidencia fue considerada muy baja.
EVIDENCIA: La calidad de la evidencia fue considerada baja para ansiedad (evaluación clínica y autoinformada), preocupación y depresión postintervención; y muy baja para el desenlace remisión.
CONSIDERACIONES: nan","
Revisa la siguiente respuesta.

Comprueba:
- si está basada en el contexto
- si hay alucinaciones
- si falta información

Reescribe la respuesta mejorada.

Responde en español.

Contexto:

TEMA: En adultos con TAG, ¿cuál es la efectividad y seguridad comparada de la terapia de aceptación y compromiso?
PREGUNTA: g) ¿Cuál es la certeza en torno a la evidencia sobre los recursos
SUBPREGUNTA: nan

JUICIO: No hay estudios incluidos.
EVIDENCIA: No se identificaron estudios que respondieran a la pregunta.
CONSIDERACIONES: nan



TEMA: En adultos con TAG, ¿cuál es la efectividad y seguridad comparada de la terapia de aceptación y compromiso?
PREGUNTA: a) ¿Cuál es la magnitud de los efectos deseables esperados?
SUBPREGUNTA: nan

JUICIO: Moderada.
EVIDENCIA: Se han considerado 3 ECA (n= 176) (119–121), que comparan la aplicación de terapia de aceptación y compromiso con grupo control sin psicoterapia y lista de espera. Uno de los estudios aplica la intervención por internet (121). Los resultados muestran que el tratamiento con terapia de aceptación y compromiso frente a cualquier control en adultos con TAG: − Aumenta la probabilidad de respuesta (361 pacientes más por cada 1.000). − Aumenta la probabilidad de remisión (541 pacientes más por cada 1.000). − Reduce los niveles de ansiedad (efecto moderado), sin embargo, no supera el umbral de decisión clínica. − Reduce los niveles de preocupación (efecto moderado), sin embargo, no supera el umbral de decisión clínica. − No modifica los niveles de depresión. − No modifica los niveles de CVRS. GUÍAS DE PRÁCTICA CLÍNICA EN EL SNS 64 Para más información se pueden consultar los perfiles de evidencia GRADE disponibles en el material metodológico.
CONSIDERACIONES: nan



TEMA: En adultos con TAG, ¿cuál es la efectividad y seguridad comparada de la terapia de relajación?
PREGUNTA: c) ¿Cuál es la certeza global en la evidencia sobre los efectos?
SUBPREGUNTA: nan

JUICIO: Muy baja.
EVIDENCIA: La calidad global de la evidencia fue considerada muy baja. Esto es consecuencia de las limitaciones metodológicas inherentes al diseño de los estudios. Existen limitaciones relacionadas con el riesgo de sesgo de realización ya que en los estudios es inherente la imposibilidad de llevar a cabo el cegamiento de los pacientes y del personal. Por desenlace, la calidad de la evidencia fue considerada baja para ansiedad (evaluación clínica y autoinformada), preocupación y depresión postintervención; y muy baja para el desenlace remisión.
CONSIDERACIONES: nan


Pregunta:
En adultos con TAG, ¿cuál es la efectividad y seguridad comparada de la terapia de aceptación y compromiso? c) ¿Cuál es la certeza global en la evidencia sobre los efectos? nan

Respuesta original:

Eres un asistente clínico.

Tu tarea es EXTRAER información del contexto, no inventar ni reformular.

Reglas:
- Usa SOLO información del contexto
- NO añadas información externa
- COPIA frases exactas cuando sea posible
- Mantén el idioma en español
- Responde SIEMPRE en este formato:

JUICIO:
(texto extraído)

EVIDENCIA:
(texto extraído)

CONSIDERACIONES:
(texto extraído)

Contexto:

TEMA: En adultos con TAG, ¿cuál es la efectividad y seguridad comparada de la terapia de aceptación y compromiso?
PREGUNTA: g) ¿Cuál es la certeza en torno a la evidencia sobre los recursos
SUBPREGUNTA: nan

JUICIO: No hay estudios incluidos.
EVIDENCIA: No se identificaron estudios que respondieran a la pregunta.
CONSIDERACIONES: nan



TEMA: En adultos con TAG, ¿cuál es la efectividad y seguridad comparada de la terapia de aceptación y compromiso?
PREGUNTA: a) ¿Cuál es la magnitud de los efectos deseables esperados?
SUBPREGUNTA: nan

JUICIO: Moderada.
EVIDENCIA: Se han considerado 3 ECA (n= 176) (119–121), que comparan la aplicación de terapia de aceptación y compromiso con grupo control sin psicoterapia y lista de espera. Uno de los estudios aplica la intervención por internet (121). Los resultados muestran que el tratamiento con terapia de aceptación y compromiso frente a cualquier control en adultos con TAG: − Aumenta la probabilidad de respuesta (361 pacientes más por cada 1.000). − Aumenta la probabilidad de remisión (541 pacientes más por cada 1.000). − Reduce los niveles de ansiedad (efecto moderado), sin embargo, no supera el umbral de decisión clínica. − Reduce los niveles de preocupación (efecto moderado), sin embargo, no supera el umbral de decisión clínica. − No modifica los niveles de depresión. − No modifica los niveles de CVRS. GUÍAS DE PRÁCTICA CLÍNICA EN EL SNS 64 Para más información se pueden consultar los perfiles de evidencia GRADE disponibles en el material metodológico.
CONSIDERACIONES: nan



TEMA: En adultos con TAG, ¿cuál es la efectividad y seguridad comparada de la terapia de relajación?
PREGUNTA: c) ¿Cuál es la certeza global en la evidencia sobre los efectos?
SUBPREGUNTA: nan

JUICIO: Muy baja.
EVIDENCIA: La calidad global de la evidencia fue considerada muy baja. Esto es consecuencia de las limitaciones metodológicas inherentes al diseño de los estudios. Existen limitaciones relacionadas con el riesgo de sesgo de realización ya que en los estudios es inherente la imposibilidad de llevar a cabo el cegamiento de los pacientes y del personal. Por desenlace, la calidad de la evidencia fue considerada baja para ansiedad (evaluación clínica y autoinformada), preocupación y depresión postintervención; y muy baja para el desenlace remisión.
CONSIDERACIONES: nan


Pregunta:
En adultos con TAG, ¿cuál es la efectividad y seguridad comparada de la terapia de aceptación y compromiso? c) ¿Cuál es la certeza global en la evidencia sobre los efectos? nan

JUICIO:
No hay estudios incluidos.
EVIDENCIA: No se identificaron estudios que respondieran a la pregunta.
CONSIDERACIONES: nan


Pregunta:
En adultos con TAG, ¿cuál es la efectividad y seguridad comparada de la terapia de relajación? c) ¿Cuál es la certeza global en la evidencia sobre los efectos? nan

JUICIO:
La calidad global de la evidencia fue considerada muy baja.
EVIDENCIA: La calidad de la evidencia fue considerada baja para ansiedad (evaluación clínica y autoinformada), preocupación y depresión postintervención; y muy baja para el desenlace remisión.
CONSIDERACIONES: nan

Respuesta mejorada:

JUICIO:
No hay estudios incluidos.
EVIDENCIA: No se identificaron estudios que respondieran a la pregunta.
CONSIDERACIONES: nan

JUICIO:
La calidad global de la evidencia fue considerada muy baja.
EVIDENCIA: La calidad de la evidencia fue considerada baja para ansiedad (evaluación clínica y autoinformada), preocupación y depresión postintervención; y muy baja para el desenlace remisión.
CONSIDERACIONES: nan

JUICIO:
La calidad global de la evidencia fue considerada muy baja.
EVIDENCIA: La calidad de la evidencia fue considerada baja para ansiedad (evaluación clínica y autoinformada), preocupación y depresión postintervención; y muy baja para el desenlace remisión.
CONSIDERACIONES: nan

JUICIO:
La calidad global de la evidencia fue considerada muy baja.
EVIDENCIA: La calidad de la evidencia fue considerada baja para ansiedad (evaluación clínica y autoinformada), preocupación y depresión postintervención; y muy baja para el desenlace remisión.
CONSIDERACIONES: nan

JUICIO:
La calidad global de la evidencia fue considerada muy baja.
EVIDENCIA: La calidad de la evidencia fue considerada baja para ansiedad (evaluación clínica y autoinformada), preocupación y depresión postintervención; y muy baja para el desenlace remisión.
CONSIDERACIONES: nan

JUICIO:
La calidad global de la evidencia fue considerada muy baja.
EVIDENCIA: La calidad de la evidencia fue considerada baja para ansiedad (evaluación clínica y autoinformada), preocupación y depresión postintervención; y muy baja para el desenlace remisión.
CONS","
TEMA: En adultos con TAG, ¿cuál es la efectividad y seguridad comparada de la terapia de aceptación y compromiso?
PREGUNTA: c) ¿Cuál es la certeza global en la evidencia sobre los efectos?
SUBPREGUNTA: nan

JUICIO: Moderada.
EVIDENCIA: La calidad global de la evidencia fue considerada moderada, calificación aplicada a la variable respuesta. Existe riesgo de sesgo inherente a la imposibilidad de cegar a los participantes (sesgo de realización), y los tamaños muestrales son pequeños. Por desenlace, la calidad de la evidencia fue considerada alta para el desenlace probabilidad de remisión; moderada para el desenlace probabilidad de respuesta; baja para los desenlaces nivel de ansiedad (autoinformada), nivel de preocupación y nivel de calidad de vida; y muy baja para el desenlace nivel de depresión.
CONSIDERACIONES: nan
","['\nTEMA: En adultos con TAG, ¿cuál es la efectividad y seguridad comparada de la terapia de aceptación y compromiso?\nPREGUNTA: g) ¿Cuál es la certeza en torno a la evidencia sobre los recursos\nSUBPREGUNTA: nan\n\nJUICIO: No hay estudios incluidos.\nEVIDENCIA: No se identificaron estudios que respondieran a la pregunta.\nCONSIDERACIONES: nan\n', '\nTEMA: En adultos con TAG, ¿cuál es la efectividad y seguridad comparada de la terapia de aceptación y compromiso?\nPREGUNTA: a) ¿Cuál es la magnitud de los efectos deseables esperados?\nSUBPREGUNTA: nan\n\nJUICIO: Moderada.\nEVIDENCIA: Se han considerado 3 ECA (n= 176) (119–121), que comparan la aplicación de terapia de aceptación y compromiso con grupo control sin psicoterapia y lista de espera. Uno de los estudios aplica la intervención por internet (121). Los resultados muestran que el tratamiento con terapia de aceptación y compromiso frente a cualquier control en adultos con TAG: − Aumenta la probabilidad de respuesta (361 pacientes más por cada 1.000). − Aumenta la probabilidad de remisión (541 pacientes más por cada 1.000). − Reduce los niveles de ansiedad (efecto moderado), sin embargo, no supera el umbral de decisión clínica. − Reduce los niveles de preocupación (efecto moderado), sin embargo, no supera el umbral de decisión clínica. − No modifica los niveles de depresión. − No modifica los niveles de CVRS. GUÍAS DE PRÁCTICA CLÍNICA EN EL SNS 64 Para más información se pueden consultar los perfiles de evidencia GRADE disponibles en el material metodológico.\nCONSIDERACIONES: nan\n', '\nTEMA: En adultos con TAG, ¿cuál es la efectividad y seguridad comparada de la terapia de relajación?\nPREGUNTA: c) ¿Cuál es la certeza global en la evidencia sobre los efectos?\nSUBPREGUNTA: nan\n\nJUICIO: Muy baja.\nEVIDENCIA: La calidad global de la evidencia fue considerada muy baja. Esto es consecuencia de las limitaciones metodológicas inherentes al diseño de los estudios. Existen limitaciones relacionadas con el riesgo de sesgo de realización ya que en los estudios es inherente la imposibilidad de llevar a cabo el cegamiento de los pacientes y del personal. Por desenlace, la calidad de la evidencia fue considerada baja para ansiedad (evaluación clínica y autoinformada), preocupación y depresión postintervención; y muy baja para el desenlace remisión.\nCONSIDERACIONES: nan\n']"
¿Podría utilizarse anticoagulantes orales directos vs. anticoagulantes orales inhibidores de la vitamina K para la prevención secundaria de ictus en pacientes mayores de 18 años con prótesis valvular? j) ¿Cuál sería el impacto en la equidad en salud? nan,0.9536998867988586,1.0,0.0,1.0,1.0,"
Eres un asistente clínico.

Tu tarea es EXTRAER información del contexto, no inventar ni reformular.

Reglas:
- Usa SOLO información del contexto
- NO añadas información externa
- COPIA frases exactas cuando sea posible
- Mantén el idioma en español
- Responde SIEMPRE en este formato:

JUICIO:
(texto extraído)

EVIDENCIA:
(texto extraído)

CONSIDERACIONES:
(texto extraído)

Contexto:

TEMA: ¿Podría utilizarse anticoagulantes orales directos vs. anticoagulantes orales inhibidores de la vitamina K para la prevención secundaria de ictus en pacientes mayores de 18 años con estenosis mitral?
PREGUNTA: a) ¿Es prioritario este problema?
SUBPREGUNTA: nan

JUICIO: sí.
EVIDENCIA: el problema se considera una prioridad por el riesgo elevado de recurrencia de ictus en pacientes con estenosis de la válvula mitral y la necesidad de un control exhaustivo del tratamiento con anticoagulantes inhibidores de la vitamina K. La incidencia de estenosis mitral reumática ha descendido de manera importante en los países industrializados. Sin embargo, la degeneración por enfermedad de la válvula mitral calcificada es cada vez más frecuente en pacientes ancianos69.
CONSIDERACIONES: los miembros del GEG consideraron el ictus en pacientes con estenosis mitral como un problema sanitario prioritario, dado el riesgo de recurrencia de ictus en estos pacientes y la prevalencia de estenosis mitral cada vez mayor en pacientes ancianos con altas tasas de mortalidad.



TEMA: ¿Podría utilizarse anticoagulantes orales directos vs. anticoagulantes orales inhibidores de la vitamina K para la prevención secundaria de ictus en pacientes mayores de 18 años con prótesis valvular?
PREGUNTA: a)¿Es prioritario este problema?
SUBPREGUNTA: nan

JUICIO: sí.
EVIDENCIA: el problema se considera una prioridad por el riesgo elevado de ictus en pacientes portadores de válvulas protésicas cardiacas con un episodio de ictus previo y la necesidad de un control exhaustivo del tratamiento con anticoagulantes inhibidores de la vitamina K, ya que los pacientes pueden presentar un mayor riesgo de hemorragia o, por el contrario, insuficiente protección antitrombótica70.
CONSIDERACIONES: los miembros del GEG consideraron el ictus en pacientes portadores de válvulas protésicas como un problema sanitario prioritario, dado el riesgo de recurrencia de ictus en estos pacientes con altas tasas de mortalidad.



TEMA: ¿Podría utilizarse anticoagulantes orales directos vs. anticoagulantes orales inhibidores de la vitamina K para la prevención secundaria de ictus en pacientes mayores de 18 años con prótesis valvular?
PREGUNTA: i) El coste-efectividad de la intervención, ¿favorece a la intervención o
SUBPREGUNTA: nan

JUICIO: desconocido.
EVIDENCIA: no se localizaron estudios, por lo que no se analizó el coste-efectividad de los anticoagulantes orales directos vs. anticoagulantes orales inhibidores de la vitamina K para la prevención secundaria de ictus en pacientes adultos con prótesis valvular.
CONSIDERACIONES: no se realizaron consideraciones al respecto.


Pregunta:
¿Podría utilizarse anticoagulantes orales directos vs. anticoagulantes orales inhibidores de la vitamina K para la prevención secundaria de ictus en pacientes mayores de 18 años con prótesis valvular? j) ¿Cuál sería el impacto en la equidad en salud? nan

JUICIO: desconocido.
EVIDENCIA: no se localizaron estudios, por lo que no se analizó el impacto en la equidad en salud de los anticoagulantes orales directos vs. anticoagulantes orales inhibidores de la vitamina K para la prevención secundaria de ictus en pacientes adultos con prótesis valvular.
CONSIDERACIONES: no se realizaron consideraciones al respecto.


Pregunta:
¿Podría utilizarse anticoagulantes orales directos vs. anticoagulantes orales inhibidores de la vitamina K para la prevención secundaria de ictus en pacientes mayores de 18 años con prótesis valvular? k) ¿Cuál sería el impacto en la salud pública? nan

JUICIO: desconocido.
EVIDENCIA: no se localizaron estudios, por lo que no se analizó el impacto en la salud pública de los anticoagulantes orales directos vs. anticoagulantes orales inhibidores de la vitamina K para la prevención secundaria de ictus en pacientes adultos con prótesis valvular.
CONSIDERACIONES: no se realizaron consideraciones al respecto.


Pregunta:
¿Podría utilizarse anticoagulantes orales directos vs. anticoagulantes orales inhibidores de la vitamina K para la prevención secundaria de ictus en pacientes mayores de 18 años con prótesis valvular? l) ¿Cuál sería el impacto en la salud pública? nan

JUICIO: desconocido.
EVIDENCIA: no se localizaron estudios, por lo que no se analizó el impacto en la salud pública de los anticoagulantes orales directos vs. anticoagulantes orales inhibidores de la vitamina K para la prevención secundaria de ictus en pacientes adultos con prótesis valvular.","
Revisa la siguiente respuesta.

Comprueba:
- si está basada en el contexto
- si hay alucinaciones
- si falta información

Reescribe la respuesta mejorada.

Responde en español.

Contexto:

TEMA: ¿Podría utilizarse anticoagulantes orales directos vs. anticoagulantes orales inhibidores de la vitamina K para la prevención secundaria de ictus en pacientes mayores de 18 años con estenosis mitral?
PREGUNTA: a) ¿Es prioritario este problema?
SUBPREGUNTA: nan

JUICIO: sí.
EVIDENCIA: el problema se considera una prioridad por el riesgo elevado de recurrencia de ictus en pacientes con estenosis de la válvula mitral y la necesidad de un control exhaustivo del tratamiento con anticoagulantes inhibidores de la vitamina K. La incidencia de estenosis mitral reumática ha descendido de manera importante en los países industrializados. Sin embargo, la degeneración por enfermedad de la válvula mitral calcificada es cada vez más frecuente en pacientes ancianos69.
CONSIDERACIONES: los miembros del GEG consideraron el ictus en pacientes con estenosis mitral como un problema sanitario prioritario, dado el riesgo de recurrencia de ictus en estos pacientes y la prevalencia de estenosis mitral cada vez mayor en pacientes ancianos con altas tasas de mortalidad.



TEMA: ¿Podría utilizarse anticoagulantes orales directos vs. anticoagulantes orales inhibidores de la vitamina K para la prevención secundaria de ictus en pacientes mayores de 18 años con prótesis valvular?
PREGUNTA: a)¿Es prioritario este problema?
SUBPREGUNTA: nan

JUICIO: sí.
EVIDENCIA: el problema se considera una prioridad por el riesgo elevado de ictus en pacientes portadores de válvulas protésicas cardiacas con un episodio de ictus previo y la necesidad de un control exhaustivo del tratamiento con anticoagulantes inhibidores de la vitamina K, ya que los pacientes pueden presentar un mayor riesgo de hemorragia o, por el contrario, insuficiente protección antitrombótica70.
CONSIDERACIONES: los miembros del GEG consideraron el ictus en pacientes portadores de válvulas protésicas como un problema sanitario prioritario, dado el riesgo de recurrencia de ictus en estos pacientes con altas tasas de mortalidad.



TEMA: ¿Podría utilizarse anticoagulantes orales directos vs. anticoagulantes orales inhibidores de la vitamina K para la prevención secundaria de ictus en pacientes mayores de 18 años con prótesis valvular?
PREGUNTA: i) El coste-efectividad de la intervención, ¿favorece a la intervención o
SUBPREGUNTA: nan

JUICIO: desconocido.
EVIDENCIA: no se localizaron estudios, por lo que no se analizó el coste-efectividad de los anticoagulantes orales directos vs. anticoagulantes orales inhibidores de la vitamina K para la prevención secundaria de ictus en pacientes adultos con prótesis valvular.
CONSIDERACIONES: no se realizaron consideraciones al respecto.


Pregunta:
¿Podría utilizarse anticoagulantes orales directos vs. anticoagulantes orales inhibidores de la vitamina K para la prevención secundaria de ictus en pacientes mayores de 18 años con prótesis valvular? j) ¿Cuál sería el impacto en la equidad en salud? nan

Respuesta original:

Eres un asistente clínico.

Tu tarea es EXTRAER información del contexto, no inventar ni reformular.

Reglas:
- Usa SOLO información del contexto
- NO añadas información externa
- COPIA frases exactas cuando sea posible
- Mantén el idioma en español
- Responde SIEMPRE en este formato:

JUICIO:
(texto extraído)

EVIDENCIA:
(texto extraído)

CONSIDERACIONES:
(texto extraído)

Contexto:

TEMA: ¿Podría utilizarse anticoagulantes orales directos vs. anticoagulantes orales inhibidores de la vitamina K para la prevención secundaria de ictus en pacientes mayores de 18 años con estenosis mitral?
PREGUNTA: a) ¿Es prioritario este problema?
SUBPREGUNTA: nan

JUICIO: sí.
EVIDENCIA: el problema se considera una prioridad por el riesgo elevado de recurrencia de ictus en pacientes con estenosis de la válvula mitral y la necesidad de un control exhaustivo del tratamiento con anticoagulantes inhibidores de la vitamina K. La incidencia de estenosis mitral reumática ha descendido de manera importante en los países industrializados. Sin embargo, la degeneración por enfermedad de la válvula mitral calcificada es cada vez más frecuente en pacientes ancianos69.
CONSIDERACIONES: los miembros del GEG consideraron el ictus en pacientes con estenosis mitral como un problema sanitario prioritario, dado el riesgo de recurrencia de ictus en estos pacientes y la prevalencia de estenosis mitral cada vez mayor en pacientes ancianos con altas tasas de mortalidad.



TEMA: ¿Podría utilizarse anticoagulantes orales directos vs. anticoagulantes orales inhibidores de la vitamina K para la prevención secundaria de ictus en pacientes mayores de 18 años con prótesis valvular?
PREGUNTA: a)¿Es prioritario este problema?
SUBPREGUNTA: nan

JUICIO: sí.
EVIDENCIA: el problema se considera una prioridad por el riesgo elevado de ictus en pacientes portadores de válvulas protésicas cardiacas con un episodio de ictus previo y la necesidad de un control exhaustivo del tratamiento con anticoagulantes inhibidores de la vitamina K, ya que los pacientes pueden presentar un mayor riesgo de hemorragia o, por el contrario, insuficiente protección antitrombótica70.
CONSIDERACIONES: los miembros del GEG consideraron el ictus en pacientes portadores de válvulas protésicas como un problema sanitario prioritario, dado el riesgo de recurrencia de ictus en estos pacientes con altas tasas de mortalidad.



TEMA: ¿Podría utilizarse anticoagulantes orales directos vs. anticoagulantes orales inhibidores de la vitamina K para la prevención secundaria de ictus en pacientes mayores de 18 años con prótesis valvular?
PREGUNTA: i) El coste-efectividad de la intervención, ¿favorece a la intervención o
SUBPREGUNTA: nan

JUICIO: desconocido.
EVIDENCIA: no se localizaron estudios, por lo que no se analizó el coste-efectividad de los anticoagulantes orales directos vs. anticoagulantes orales inhibidores de la vitamina K para la prevención secundaria de ictus en pacientes adultos con prótesis valvular.
CONSIDERACIONES: no se realizaron consideraciones al respecto.


Pregunta:
¿Podría utilizarse anticoagulantes orales directos vs. anticoagulantes orales inhibidores de la vitamina K para la prevención secundaria de ictus en pacientes mayores de 18 años con prótesis valvular? j) ¿Cuál sería el impacto en la equidad en salud? nan

JUICIO: desconocido.
EVIDENCIA: no se localizaron estudios, por lo que no se analizó el impacto en la equidad en salud de los anticoagulantes orales directos vs. anticoagulantes orales inhibidores de la vitamina K para la prevención secundaria de ictus en pacientes adultos con prótesis valvular.
CONSIDERACIONES: no se realizaron consideraciones al respecto.


Pregunta:
¿Podría utilizarse anticoagulantes orales directos vs. anticoagulantes orales inhibidores de la vitamina K para la prevención secundaria de ictus en pacientes mayores de 18 años con prótesis valvular? k) ¿Cuál sería el impacto en la salud pública? nan

JUICIO: desconocido.
EVIDENCIA: no se localizaron estudios, por lo que no se analizó el impacto en la salud pública de los anticoagulantes orales directos vs. anticoagulantes orales inhibidores de la vitamina K para la prevención secundaria de ictus en pacientes adultos con prótesis valvular.
CONSIDERACIONES: no se realizaron consideraciones al respecto.


Pregunta:
¿Podría utilizarse anticoagulantes orales directos vs. anticoagulantes orales inhibidores de la vitamina K para la prevención secundaria de ictus en pacientes mayores de 18 años con prótesis valvular? l) ¿Cuál sería el impacto en la salud pública? nan

JUICIO: desconocido.
EVIDENCIA: no se localizaron estudios, por lo que no se analizó el impacto en la salud pública de los anticoagulantes orales directos vs. anticoagulantes orales inhibidores de la vitamina K para la prevención secundaria de ictus en pacientes adultos con prótesis valvular.

Respuesta mejorada:

Pregunta: ¿Podría utilizarse anticoagulantes orales directos vs. anticoagulantes orales inhibidores de la vitamina K para la prevención secundaria de ictus en pacientes mayores de 18 años con prótesis valvular? j) ¿Cuál sería el impacto en la equidad en salud? nan

Respuesta:

JUICIO: desconocido.
EVIDENCIA: no se localizaron estudios, por lo que no se analizó el impacto en la equidad en salud de los anticoagulantes orales directos vs. anticoagulantes orales inhibidores de la vitamina K para la prevención secundaria de ictus en pacientes adultos con prótesis valvular.
CONSIDERACIONES: no se realizaron consideraciones al respecto.

Para responder a esta pregunta, se debería localizar estudios que analizan el impacto en la equidad en salud de los anticoagulantes orales directos vs. anticoagulantes orales inhibidores de la vitamina K para la prevención secundaria de ictus en pacientes adultos con prótesis valvular. Los miembros del GEG consideraron el ictus en pacientes portadores de válvulas protésicas como un problema sanitario prioritario, dado el riesgo de recurrencia de ictus en estos pacientes con altas tasas de mortalidad. Sin embargo, no se localizaron estudios que analizan el impacto en la equidad en salud de los anticoagulantes orales directos vs. anticoagulantes orales inhibidores de la vitamina K para la prevención secundaria de ictus en pacientes adultos con prótesis valvular.","
TEMA: ¿Podría utilizarse anticoagulantes orales directos vs. anticoagulantes orales inhibidores de la vitamina K para la prevención secundaria de ictus en pacientes mayores de 18 años con prótesis valvular?
PREGUNTA: j) ¿Cuál sería el impacto en la equidad en salud?
SUBPREGUNTA: nan

JUICIO: desconocido.
EVIDENCIA: no se localizaron estudios que analizaran el impacto de la equidad en la salud del tratamiento de anticoagulantes orales directos vs. anticoagulantes orales inhibidores de la vitamina K en pacientes adultos con estenosis mitral.
CONSIDERACIONES: el GEG consideró que el impacto en la equidad era desconocido. Para la elaboración de todas las recomendaciones sobre ACOD se facilitó la información localizada desagregada por sexo. Ver información adicional en la La reparación valvular con implante protésico es una opción terapéutica que mejora la calidad de vida y la supervivencia de los pacientes con enfermedad valvular cardiaca grave. La elección de una válvula mecánica o biológica depende de diversos factores, como la esperanza de vida, prótesis mecánica en otra válvula, contraindicaciones para anticoagulación, mujeres en edad fértil, deterioro estructural de la prótesis, calidad de vida, así como valores y preferencias de los pacientes11,66. Los pacientes portadores de prótesis valvulares mecánicas y antecedentes de ictus previo son tratados de manera habitual con fármacos anticoagulantes inhibidores de la vitamina K (acenocumarol o warfarina) y el tratamiento con ACOD está contraindicado56,66. En los pacientes con bioprótesis valvular aórtica o mitral, las guías más recientes recomiendan el tratamiento con fármacos antiplaquetarios (ácido acetilsalicílico) para disminuir el riesgo de ictus recurrente; los beneficios de los anticoagulantes inhibidores de la vitamina K y ACOD son desconocidos en estos pacientes56. Recomendación Tras analizar la evidencia disponible sobre los anticoagulantes orales directos frente a anticoagulantes antivitamina K para la prevención secundaria de ictus en pacientes con prótesis valvular cardiaca, se estableció la siguiente recomendación: En pacientes adultos con indicación de prevención secundaria de ictus y prótesis valvular cardiaca mecánica, se sugiere no utilizar anticoagulantes orales directos frente a anticoagulantes antivitamina K (recomendación débil). Justificación A continuación se muestra una breve justificación de una de las recomendaciones, destacando los juicios del GEG en cuanto a los criterios clave que motivaron la recomendación final. El GEG consideró que existía incertidumbre debido a falta de evidencia sobre los beneficios de la intervención en la pregunta planteada. La magnitud de los efectos deseables e indeseables fueron considerados desconocidos para la mayoría de los miembros del GEG al no localizarse ningún estudio que analizara la comparación propuesta. 126 GUÍAS DE PRÁCTICA CLÍNICA EN EL SNS Justificación detallada A continuación se muestra una justificación más detallada de los juicios del GEG sobre cada uno de los criterios más importantes para la recomendación formulada. I. Calidad de la evidencia (certeza) No se localizaron estudios que compararan la eficacia y seguridad de los anticoagulantes orales directos vs. anticoagulantes orales inhibidores de la vitamina K para la prevención secundaria de ictus en pacientes adultos con prótesis valvular. II. Valoración de los desenlaces por parte de los pacientes (valores y preferencias) Los miembros del GEG no respondieron a esta cuestión o manifestaron desconocer si los pacientes aceptarían el tratamiento con la intervención frente al comparador. III. Balance de los efectos deseables e indeseables
","['\nTEMA: ¿Podría utilizarse anticoagulantes orales directos vs. anticoagulantes orales inhibidores de la vitamina K para la prevención secundaria de ictus en pacientes mayores de 18 años con estenosis mitral?\nPREGUNTA: a) ¿Es prioritario este problema?\nSUBPREGUNTA: nan\n\nJUICIO: sí.\nEVIDENCIA: el problema se considera una prioridad por el riesgo elevado de recurrencia de ictus en pacientes con estenosis de la válvula mitral y la necesidad de un control exhaustivo del tratamiento con anticoagulantes inhibidores de la vitamina K. La incidencia de estenosis mitral reumática ha descendido de manera importante en los países industrializados. Sin embargo, la degeneración por enfermedad de la válvula mitral calcificada es cada vez más frecuente en pacientes ancianos69.\nCONSIDERACIONES: los miembros del GEG consideraron el ictus en pacientes con estenosis mitral como un problema sanitario prioritario, dado el riesgo de recurrencia de ictus en estos pacientes y la prevalencia de estenosis mitral cada vez mayor en pacientes ancianos con altas tasas de mortalidad.\n', '\nTEMA: ¿Podría utilizarse anticoagulantes orales directos vs. anticoagulantes orales inhibidores de la vitamina K para la prevención secundaria de ictus en pacientes mayores de 18 años con prótesis valvular?\nPREGUNTA: a)¿Es prioritario este problema?\nSUBPREGUNTA: nan\n\nJUICIO: sí.\nEVIDENCIA: el problema se considera una prioridad por el riesgo elevado de ictus en pacientes portadores de válvulas protésicas cardiacas con un episodio de ictus previo y la necesidad de un control exhaustivo del tratamiento con anticoagulantes inhibidores de la vitamina K, ya que los pacientes pueden presentar un mayor riesgo de hemorragia o, por el contrario, insuficiente protección antitrombótica70.\nCONSIDERACIONES: los miembros del GEG consideraron el ictus en pacientes portadores de válvulas protésicas como un problema sanitario prioritario, dado el riesgo de recurrencia de ictus en estos pacientes con altas tasas de mortalidad.\n', '\nTEMA: ¿Podría utilizarse anticoagulantes orales directos vs. anticoagulantes orales inhibidores de la vitamina K para la prevención secundaria de ictus en pacientes mayores de 18 años con prótesis valvular?\nPREGUNTA: i) El coste-efectividad de la intervención, ¿favorece a la intervención o\nSUBPREGUNTA: nan\n\nJUICIO: desconocido.\nEVIDENCIA: no se localizaron estudios, por lo que no se analizó el coste-efectividad de los anticoagulantes orales directos vs. anticoagulantes orales inhibidores de la vitamina K para la prevención secundaria de ictus en pacientes adultos con prótesis valvular.\nCONSIDERACIONES: no se realizaron consideraciones al respecto.\n']"
"En personas con DM1, ¿debería realizarse cribado de enfermedad tiroidea autoinmune? j) ¿Cuál sería el impacto en la equidad en salud? nan",0.9281511306762695,1.0,0.0,1.0,1.0,"
Eres un asistente clínico.

Tu tarea es EXTRAER información del contexto, no inventar ni reformular.

Reglas:
- Usa SOLO información del contexto
- NO añadas información externa
- COPIA frases exactas cuando sea posible
- Mantén el idioma en español
- Responde SIEMPRE en este formato:

JUICIO:
(texto extraído)

EVIDENCIA:
(texto extraído)

CONSIDERACIONES:
(texto extraído)

Contexto:

TEMA: En personas con DM1, ¿debería realizarse cribado de gastritis atrófica autoinmune?
PREGUNTA: j) ¿Cuál sería el impacto en la equidad en salud?
SUBPREGUNTA: nan

JUICIO: Desconocido.
EVIDENCIA: No se realizó una revisión de la evidencia disponible.
CONSIDERACIONES: nan



TEMA: En personas con DM1, ¿debería realizarse cribado de enfermedad celíaca?
PREGUNTA: j) ¿Cuál sería el impacto en la equidad en salud?
SUBPREGUNTA: nan

JUICIO: Desconocido. GUÍAS DE PRÁCTICA CLÍNICA EN EL SNS  72
EVIDENCIA: No se realizó una revisión de la evidencia disponible.
CONSIDERACIONES: nan



TEMA: En personas con DM1, ¿debería realizarse cribado de enfermedad celíaca?
PREGUNTA: a) ¿Es prioritario el problema?
SUBPREGUNTA: nan

JUICIO: Sí.
EVIDENCIA: Las personas con DM1 tienen mayor riesgo de desarrollar otras enfermedades autoinmunes, y su diagnóstico temprano podría tener impacto en el riesgo de complicaciones.
CONSIDERACIONES: nan


Pregunta:
En personas con DM1, ¿debería realizarse cribado de enfermedad tiroidea autoinmune? j) ¿Cuál sería el impacto en la equidad en salud? nan

JUICIO: Desconocido.
EVIDENCIA: No se realizó una revisión de la evidencia disponible.
CONSIDERACIONES: nan


Pregunta:
En personas con DM1, ¿debería realizarse cribado de enfermedad celíaca? a) ¿Es prioritario el problema? nan

JUICIO: Sí.
EVIDENCIA: Las personas con DM1 tienen mayor riesgo de desarrollar otras enfermedades autoinmunes, y su diagnóstico temprano podría tener impacto en el riesgo de complicaciones.
CONSIDERACIONES: nan


Pregunta:
En personas con DM1, ¿debería realizarse cribado de enfermedad celíaca? j) ¿Cuál sería el impacto en la equidad en salud? nan

JUICIO: Desconocido.
EVIDENCIA: No se realizó una revisión de la evidencia disponible.
CONSIDERACIONES: nan


Pregunta:
En personas con DM1, ¿debería realizarse cribado de enfermedad celíaca? a) ¿Es prioritario el problema? nan

JUICIO: Sí.
EVIDENCIA: Las personas con DM1 tienen mayor riesgo de desarrollar otras enfermedades autoinmunes, y su diagnóstico temprano podría tener impacto en el riesgo de complicaciones.
CONSIDERACIONES: nan


Pregunta:
En personas con DM1, ¿debería realizarse cribado de enfermedad celíaca? j) ¿Cuál sería el impacto en la equidad en salud? nan

JUICIO: Desconocido.
EVIDENCIA: No se realizó una revisión de la evidencia disponible.
CONSIDERACIONES: nan


Pregunta:
En personas con DM1, ¿debería realizarse cribado de enfermedad celíaca","
Revisa la siguiente respuesta.

Comprueba:
- si está basada en el contexto
- si hay alucinaciones
- si falta información

Reescribe la respuesta mejorada.

Responde en español.

Contexto:

TEMA: En personas con DM1, ¿debería realizarse cribado de gastritis atrófica autoinmune?
PREGUNTA: j) ¿Cuál sería el impacto en la equidad en salud?
SUBPREGUNTA: nan

JUICIO: Desconocido.
EVIDENCIA: No se realizó una revisión de la evidencia disponible.
CONSIDERACIONES: nan



TEMA: En personas con DM1, ¿debería realizarse cribado de enfermedad celíaca?
PREGUNTA: j) ¿Cuál sería el impacto en la equidad en salud?
SUBPREGUNTA: nan

JUICIO: Desconocido. GUÍAS DE PRÁCTICA CLÍNICA EN EL SNS  72
EVIDENCIA: No se realizó una revisión de la evidencia disponible.
CONSIDERACIONES: nan



TEMA: En personas con DM1, ¿debería realizarse cribado de enfermedad celíaca?
PREGUNTA: a) ¿Es prioritario el problema?
SUBPREGUNTA: nan

JUICIO: Sí.
EVIDENCIA: Las personas con DM1 tienen mayor riesgo de desarrollar otras enfermedades autoinmunes, y su diagnóstico temprano podría tener impacto en el riesgo de complicaciones.
CONSIDERACIONES: nan


Pregunta:
En personas con DM1, ¿debería realizarse cribado de enfermedad tiroidea autoinmune? j) ¿Cuál sería el impacto en la equidad en salud? nan

Respuesta original:

Eres un asistente clínico.

Tu tarea es EXTRAER información del contexto, no inventar ni reformular.

Reglas:
- Usa SOLO información del contexto
- NO añadas información externa
- COPIA frases exactas cuando sea posible
- Mantén el idioma en español
- Responde SIEMPRE en este formato:

JUICIO:
(texto extraído)

EVIDENCIA:
(texto extraído)

CONSIDERACIONES:
(texto extraído)

Contexto:

TEMA: En personas con DM1, ¿debería realizarse cribado de gastritis atrófica autoinmune?
PREGUNTA: j) ¿Cuál sería el impacto en la equidad en salud?
SUBPREGUNTA: nan

JUICIO: Desconocido.
EVIDENCIA: No se realizó una revisión de la evidencia disponible.
CONSIDERACIONES: nan



TEMA: En personas con DM1, ¿debería realizarse cribado de enfermedad celíaca?
PREGUNTA: j) ¿Cuál sería el impacto en la equidad en salud?
SUBPREGUNTA: nan

JUICIO: Desconocido. GUÍAS DE PRÁCTICA CLÍNICA EN EL SNS  72
EVIDENCIA: No se realizó una revisión de la evidencia disponible.
CONSIDERACIONES: nan



TEMA: En personas con DM1, ¿debería realizarse cribado de enfermedad celíaca?
PREGUNTA: a) ¿Es prioritario el problema?
SUBPREGUNTA: nan

JUICIO: Sí.
EVIDENCIA: Las personas con DM1 tienen mayor riesgo de desarrollar otras enfermedades autoinmunes, y su diagnóstico temprano podría tener impacto en el riesgo de complicaciones.
CONSIDERACIONES: nan


Pregunta:
En personas con DM1, ¿debería realizarse cribado de enfermedad tiroidea autoinmune? j) ¿Cuál sería el impacto en la equidad en salud? nan

JUICIO: Desconocido.
EVIDENCIA: No se realizó una revisión de la evidencia disponible.
CONSIDERACIONES: nan


Pregunta:
En personas con DM1, ¿debería realizarse cribado de enfermedad celíaca? a) ¿Es prioritario el problema? nan

JUICIO: Sí.
EVIDENCIA: Las personas con DM1 tienen mayor riesgo de desarrollar otras enfermedades autoinmunes, y su diagnóstico temprano podría tener impacto en el riesgo de complicaciones.
CONSIDERACIONES: nan


Pregunta:
En personas con DM1, ¿debería realizarse cribado de enfermedad celíaca? j) ¿Cuál sería el impacto en la equidad en salud? nan

JUICIO: Desconocido.
EVIDENCIA: No se realizó una revisión de la evidencia disponible.
CONSIDERACIONES: nan


Pregunta:
En personas con DM1, ¿debería realizarse cribado de enfermedad celíaca? a) ¿Es prioritario el problema? nan

JUICIO: Sí.
EVIDENCIA: Las personas con DM1 tienen mayor riesgo de desarrollar otras enfermedades autoinmunes, y su diagnóstico temprano podría tener impacto en el riesgo de complicaciones.
CONSIDERACIONES: nan


Pregunta:
En personas con DM1, ¿debería realizarse cribado de enfermedad celíaca? j) ¿Cuál sería el impacto en la equidad en salud? nan

JUICIO: Desconocido.
EVIDENCIA: No se realizó una revisión de la evidencia disponible.
CONSIDERACIONES: nan


Pregunta:
En personas con DM1, ¿debería realizarse cribado de enfermedad celíaca

Respuesta mejorada:

JUICIO: Desconocido.
EVIDENCIA: No se realizó una revisión de la evidencia disponible.
CONSIDERACIONES: nan

JUICIO: Sí.
EVIDENCIA: Las personas con DM1 tienen mayor riesgo de desarrollar otras enfermedades autoinmunes, y su diagnóstico temprano podría tener impacto en el riesgo de complicaciones.
CONSIDERACIONES: nan

JUICIO: Desconocido.
EVIDENCIA: No se realizó una revisión de la evidencia disponible.
CONSIDERACIONES: nan

JUICIO: Sí.
EVIDENCIA: Las personas con DM1 tienen mayor riesgo de desarrollar otras enfermedades autoinmunes, y su diagnóstico temprano podría tener impacto en el riesgo de complicaciones.
CONSIDERACIONES: nan

JUICIO: Desconocido.
EVIDENCIA: No se realizó una revisión de la evidencia disponible.
CONSIDERACIONES: nan

JUICIO: Sí.
EVIDENCIA: Las personas con DM1 tienen mayor riesgo de desarrollar otras enfermedades autoinmunes, y su diagnóstico temprano podría tener impacto en el riesgo de complicaciones.
CONSIDERACIONES: nan

JUICIO: Desconocido.
EVIDENCIA: No se realizó una revisión de la evidencia disponible.
CONSIDERACIONES: nan

JUICIO: Sí.
EVIDENCIA: Las personas con DM1 tienen mayor riesgo de desarrollar otras enfermedades autoinmunes, y su diagnóstico temprano podría tener impacto en el riesgo de complicaciones.
CONSIDERACIONES: nan

JUICIO: Desconocido.
EVIDENCIA: No se realizó una revisión de la evidencia dispon","
TEMA: En personas con DM1, ¿debería realizarse cribado de enfermedad tiroidea autoinmune?
PREGUNTA: j) ¿Cuál sería el impacto en la equidad en salud?
SUBPREGUNTA: nan

JUICIO: Probablemente sin impacto.
EVIDENCIA: No se realizó una revisión de la evidencia disponible.
CONSIDERACIONES: El GAG considera que el cribado para enfermedad tiroidea autoinmune no supondría ningún impacto en la equidad en salud dado el amplio acceso a las pruebas requeridas.
","['\nTEMA: En personas con DM1, ¿debería realizarse cribado de gastritis atrófica autoinmune?\nPREGUNTA: j) ¿Cuál sería el impacto en la equidad en salud?\nSUBPREGUNTA: nan\n\nJUICIO: Desconocido.\nEVIDENCIA: No se realizó una revisión de la evidencia disponible.\nCONSIDERACIONES: nan\n', '\nTEMA: En personas con DM1, ¿debería realizarse cribado de enfermedad celíaca?\nPREGUNTA: j) ¿Cuál sería el impacto en la equidad en salud?\nSUBPREGUNTA: nan\n\nJUICIO: Desconocido. GUÍAS DE PRÁCTICA CLÍNICA EN EL SNS  72\nEVIDENCIA: No se realizó una revisión de la evidencia disponible.\nCONSIDERACIONES: nan\n', '\nTEMA: En personas con DM1, ¿debería realizarse cribado de enfermedad celíaca?\nPREGUNTA: a) ¿Es prioritario el problema?\nSUBPREGUNTA: nan\n\nJUICIO: Sí.\nEVIDENCIA: Las personas con DM1 tienen mayor riesgo de desarrollar otras enfermedades autoinmunes, y su diagnóstico temprano podría tener impacto en el riesgo de complicaciones.\nCONSIDERACIONES: nan\n']"
